{
  "accuracy": 0.748148148148148,
  "precision": 0.8333333333333334,
  "recall": 0.2222222222222222,
  "f1": 0.3508771929824561
}